{
  "shape": [
    2200,
    8
  ],
  "dtypes": {
    "N": "int64",
    "P": "int64",
    "K": "int64",
    "temperature": "float64",
    "humidity": "float64",
    "ph": "float64",
    "rainfall": "float64",
    "label": "object"
  },
  "na_counts": {
    "N": 0,
    "P": 0,
    "K": 0,
    "temperature": 0,
    "humidity": 0,
    "ph": 0,
    "rainfall": 0,
    "label": 0
  },
  "duplicates": 0,
  "target_unique": 22,
  "target_counts": {
    "rice": 100,
    "maize": 100,
    "chickpea": 100,
    "kidneybeans": 100,
    "pigeonpeas": 100,
    "mothbeans": 100,
    "mungbean": 100,
    "blackgram": 100,
    "lentil": 100,
    "pomegranate": 100,
    "banana": 100,
    "mango": 100,
    "grapes": 100,
    "watermelon": 100,
    "muskmelon": 100,
    "apple": 100,
    "orange": 100,
    "papaya": 100,
    "coconut": 100,
    "cotton": 100,
    "jute": 100,
    "coffee": 100
  },
  "describe_numeric": {
    "N": {
      "count": 2200.0,
      "mean": 50.551818181818184,
      "std": 36.9173338337566,
      "min": 0.0,
      "25%": 21.0,
      "50%": 37.0,
      "75%": 84.25,
      "max": 140.0
    },
    "P": {
      "count": 2200.0,
      "mean": 53.36272727272727,
      "std": 32.98588273858715,
      "min": 5.0,
      "25%": 28.0,
      "50%": 51.0,
      "75%": 68.0,
      "max": 145.0
    },
    "K": {
      "count": 2200.0,
      "mean": 48.14909090909091,
      "std": 50.64793054666013,
      "min": 5.0,
      "25%": 20.0,
      "50%": 32.0,
      "75%": 49.0,
      "max": 205.0
    },
    "temperature": {
      "count": 2200.0,
      "mean": 25.616243851779544,
      "std": 5.063748599958843,
      "min": 8.825674745,
      "25%": 22.7693746325,
      "50%": 25.5986932,
      "75%": 28.5616539325,
      "max": 43.67549305
    },
    "humidity": {
      "count": 2200.0,
      "mean": 71.48177921778637,
      "std": 22.263811589761083,
      "min": 14.25803981,
      "25%": 60.2619528025,
      "50%": 80.473145665,
      "75%": 89.948770755,
      "max": 99.98187601
    },
    "ph": {
      "count": 2200.0,
      "mean": 6.469480065256364,
      "std": 0.7739376880298733,
      "min": 3.504752314,
      "25%": 5.97169279925,
      "50%": 6.42504527,
      "75%": 6.923642621250002,
      "max": 9.93509073
    },
    "rainfall": {
      "count": 2200.0,
      "mean": 103.46365541576817,
      "std": 54.95838852487813,
      "min": 20.21126747,
      "25%": 64.55168599999999,
      "50%": 94.86762427,
      "75%": 124.2675078,
      "max": 298.5601175
    }
  }
}