feature,importance
humidity,0.3284782608695652
N,0.25760869565217387
rainfall,0.1954347826086956
K,0.1417391304347826
P,0.13630434782608689
temperature,0.03760869565217388
ph,0.017826086956521693
